customer_id,name,email,signup_date
1,Paco Drysdell,pdrysdell0@biglobe.ne.jp,01-08-2025
2,Robina Skokoe,rskokoe1@google.com.hk,28-06-2025
3,Sayre Hankard,shankard2@howstuffworks.com,17-01-2025
4,Kessiah Houseley,khouseley3@businesswire.com,30-12-2024
5,Caria Pendleton,cpendleton4@hud.gov,29-03-2025
6,Garvy Ready,gready5@japanpost.jp,29-08-2025
7,Millisent Newvill,mnewvill6@nymag.com,19-06-2025
8,Reiko Cranstone,rcranstone7@businesswire.com,14-03-2025
9,Bess Percifull,bpercifull8@webeden.co.uk,13-07-2025
10,Hinze Hauck,hhauck9@blogger.com,08-01-2025
11,Kelly Cumberpatch,kcumberpatcha@paypal.com,25-01-2025
12,Hans Torbet,htorbetb@livejournal.com,20-01-2025
13,Maye Tolman,mtolmanc@mit.edu,27-02-2025
14,Giusto Tordoff,gtordoffd@e-recht24.de,16-09-2024
15,Ginni Longhorn,glonghorne@comsenz.com,30-06-2025
16,Daven Larmuth,dlarmuthf@e-recht24.de,10-04-2025
17,Ewen Roocroft,eroocroftg@discovery.com,12-10-2024
18,Craggie Crampin,ccrampinh@soundcloud.com,11-09-2024
19,Meta Crevy,mcrevyi@sun.com,14-12-2024
20,Quinlan Sidlow,qsidlowj@sbwire.com,02-05-2025
21,Onida McGowran,omcgowrank@mediafire.com,24-01-2025
22,Dori Mougel,dmougell@nbcnews.com,07-11-2024
23,Vonni Machans,vmachansm@clickbank.net,16-07-2025
24,Addison Birkwood,abirkwoodn@npr.org,03-07-2025
25,Caprice Trebble,ctrebbleo@timesonline.co.uk,24-10-2024
26,Rozele Holbury,rholburyp@dot.gov,11-04-2025
27,Nikolas Hurdedge,nhurdedgeq@nymag.com,24-01-2025
28,Rozalie John,rjohnr@taobao.com,02-07-2025
29,Sabra Goch,sgochs@vistaprint.com,24-10-2024
30,Ashli Wickens,awickenst@rediff.com,12-08-2025
31,Dorian Elvins,delvinsu@lulu.com,02-07-2025
32,Kathryn Fellibrand,kfellibrandv@freewebs.com,19-10-2024
33,Vladamir Speed,vspeedw@csmonitor.com,28-10-2024
34,Sybille Twyford,stwyfordx@spotify.com,28-09-2024
35,Bank Bullier,bbulliery@rediff.com,01-04-2025
36,Stephana Braganca,sbragancaz@telegraph.co.uk,29-05-2025
37,Teodoor Pecha,tpecha10@macromedia.com,19-02-2025
38,Myrvyn Malsher,mmalsher11@woothemes.com,24-11-2024
39,Kim Albrighton,kalbrighton12@china.com.cn,12-01-2025
40,Pier Morrowe,pmorrowe13@slashdot.org,17-05-2025
41,Padraic Devlin,pdevlin14@npr.org,31-01-2025
42,Roth Belham,rbelham15@uiuc.edu,19-06-2025
43,Barnabe Cometto,bcometto16@sfgate.com,02-11-2024
44,Reggie MacVanamy,rmacvanamy17@yelp.com,01-02-2025
45,Barclay Antonognoli,bantonognoli18@goo.gl,20-06-2025
46,Jody Manjin,jmanjin19@yellowpages.com,13-12-2024
47,Immanuel Conigsby,iconigsby1a@discuz.net,23-09-2024
48,Sergent Golling,sgolling1b@adobe.com,17-04-2025
49,Jules Jobern,jjobern1c@epa.gov,25-05-2025
50,Engracia Gorrie,egorrie1d@oaic.gov.au,02-10-2024
51,Salomone Gilligan,sgilligan1e@webmd.com,24-06-2025
52,Terese Schimann,tschimann1f@sitemeter.com,03-12-2024
53,Towney McGuggy,tmcguggy1g@scientificamerican.com,01-01-2025
54,Eimile Smiz,esmiz1h@cnn.com,11-07-2025
55,Lyell Sandry,lsandry1i@studiopress.com,20-04-2025
56,Louisa Maycey,lmaycey1j@ocn.ne.jp,21-04-2025
57,Bailey Danihel,bdanihel1k@simplemachines.org,14-07-2025
58,Maggie Bessey,mbessey1l@utexas.edu,29-03-2025
59,Stanislaus Neylon,sneylon1m@go.com,10-09-2025
60,Vevay McLaggan,vmclaggan1n@google.ru,02-03-2025
61,Alasteir Blissitt,ablissitt1o@g.co,31-03-2025
62,Chloris Drinan,cdrinan1p@deviantart.com,01-10-2024
63,Bertha Abyss,babyss1q@nytimes.com,30-04-2025
64,Tamra Clink,tclink1r@google.com.au,22-04-2025
65,Randie Casaro,rcasaro1s@auda.org.au,27-06-2025
66,Merill Sleet,msleet1t@freewebs.com,24-04-2025
67,Marie-jeanne Lau,mlau1u@t.co,03-08-2025
68,Obed Turl,oturl1v@weebly.com,03-08-2025
69,Lisbeth Bucky,lbucky1w@noaa.gov,14-05-2025
70,Torrence Rubertis,trubertis1x@scribd.com,05-01-2025
71,Gayelord Greenwell,ggreenwell1y@ow.ly,02-07-2025
72,Timmi Youles,tyoules1z@webnode.com,27-08-2025
73,Norine Pull,npull20@simplemachines.org,07-12-2024
74,Dawna Fontin,dfontin21@sciencedirect.com,30-01-2025
75,Amata Chester,achester22@businessweek.com,09-03-2025
76,Kellyann Widdocks,kwiddocks23@cyberchimps.com,07-02-2025
77,Iormina Brabant,ibrabant24@is.gd,03-01-2025
78,Damon Layton,dlayton25@51.la,21-01-2025
79,Thurston Hofton,thofton26@gizmodo.com,16-12-2024
80,Forster Bance,fbance27@cbslocal.com,07-08-2025
81,Reinhard Beardshall,rbeardshall28@ebay.com,14-11-2024
82,Abram Humphrey,ahumphrey29@apple.com,29-05-2025
83,Darryl Bome,dbome2a@wired.com,03-02-2025
84,Aloysia Carrabot,acarrabot2b@elegantthemes.com,28-01-2025
85,Kipper Gobel,kgobel2c@about.com,29-10-2024
86,Ali Gypson,agypson2d@imdb.com,28-01-2025
87,Emmet Poluzzi,epoluzzi2e@cdc.gov,04-08-2025
88,Friedrich Duddan,fduddan2f@miibeian.gov.cn,30-06-2025
89,Reta Kinnie,rkinnie2g@php.net,28-10-2024
90,Riccardo Jellard,rjellard2h@upenn.edu,19-08-2025
91,Danny O'Lennane,dolennane2i@mac.com,16-05-2025
92,Thadeus Kopecka,tkopecka2j@usatoday.com,01-09-2025
93,Albertine MacLeod,amacleod2k@acquirethisname.com,01-06-2025
94,Frannie Skarman,fskarman2l@geocities.jp,07-04-2025
95,Buiron Lauder,blauder2m@microsoft.com,17-02-2025
96,Teresita Melody,tmelody2n@ed.gov,27-12-2024
97,Willard Jarrold,wjarrold2o@hud.gov,05-05-2025
98,Adriano Painter,apainter2p@ask.com,09-01-2025
99,Amelina Mapp,amapp2q@lycos.com,13-12-2024
100,Krystyna Antunes,kantunes2r@stanford.edu,07-04-2025
101,Harley McGillecole,hmcgillecole2s@theguardian.com,18-09-2024
102,Jaye Lindro,jlindro2t@trellian.com,10-08-2025
103,Ricky Rankling,rrankling2u@gov.uk,28-06-2025
104,Rickey Waldie,rwaldie2v@washingtonpost.com,15-04-2025
105,Archer Giraudot,agiraudot2w@i2i.jp,28-12-2024
106,Mireielle Brinsden,mbrinsden2x@histats.com,30-08-2025
107,Dena Tawse,dtawse2y@bigcartel.com,28-10-2024
108,Juanita Swyne,jswyne2z@clickbank.net,13-07-2025
109,Mimi Fernely,mfernely30@gov.uk,24-01-2025
110,Marena Secker,msecker31@yandex.ru,04-11-2024
111,Kimberly Grix,kgrix32@eepurl.com,27-07-2025
112,Sindee Pynn,spynn33@prweb.com,13-03-2025
113,Pietrek Braunthal,pbraunthal34@cloudflare.com,30-11-2024
114,Bill Gruszka,bgruszka35@craigslist.org,12-03-2025
115,Anna-diana Segar,asegar36@last.fm,18-06-2025
116,Barnett Elsey,belsey37@domainmarket.com,13-03-2025
117,Brenda Siemon,bsiemon38@berkeley.edu,20-05-2025
118,Ulric Stathers,ustathers39@furl.net,06-04-2025
119,Vivienne Tunney,vtunney3a@arstechnica.com,25-12-2024
120,Malorie Kinnock,mkinnock3b@sciencedaily.com,14-03-2025
121,Jacenta Rosgen,jrosgen3c@huffingtonpost.com,03-04-2025
122,Sidoney Bradbury,sbradbury3d@usatoday.com,04-12-2024
123,Evvy Celler,eceller3e@wikipedia.org,11-05-2025
124,Malena Skone,mskone3f@boston.com,08-06-2025
125,Elvera Baseley,ebaseley3g@engadget.com,01-01-2025
126,Karolina Gopsell,kgopsell3h@booking.com,09-08-2025
127,Ardella Fatscher,afatscher3i@amazon.co.jp,14-05-2025
128,Rayshell Josefs,rjosefs3j@biglobe.ne.jp,11-07-2025
129,Nesta Dinkin,ndinkin3k@marriott.com,27-08-2025
130,Laurianne Llewellen,lllewellen3l@ca.gov,24-09-2024
131,Gottfried Simacek,gsimacek3m@uol.com.br,27-04-2025
132,Lyon Dionisetti,ldionisetti3n@ifeng.com,10-04-2025
133,Patrice Eydel,peydel3o@ox.ac.uk,17-12-2024
134,Aksel Bracher,abracher3p@unicef.org,12-07-2025
135,Phillipp Stapylton,pstapylton3q@ning.com,04-02-2025
136,Adair Slott,aslott3r@state.tx.us,24-03-2025
137,Madalena Robertet,mrobertet3s@howstuffworks.com,05-01-2025
138,Cass Bragg,cbragg3t@bravesites.com,08-09-2025
139,Johnnie Dowling,jdowling3u@webmd.com,25-06-2025
140,Harley Yankeev,hyankeev3v@blog.com,10-04-2025
141,Ransell Hambatch,rhambatch3w@businessinsider.com,16-10-2024
142,Rupert Sanham,rsanham3x@google.com.br,04-03-2025
143,Arlyn Seabridge,aseabridge3y@cafepress.com,08-02-2025
144,Artemas Kivelle,akivelle3z@mail.ru,16-06-2025
145,Martie Woodhall,mwoodhall40@domainmarket.com,07-07-2025
146,Kassandra Habbin,khabbin41@xinhuanet.com,02-12-2024
147,Rosalinda Lanphere,rlanphere42@posterous.com,16-10-2024
148,Cleopatra Bandy,cbandy43@cnet.com,19-12-2024
149,Emmit Cristofori,ecristofori44@google.co.jp,31-07-2025
150,Jemima Ambrus,jambrus45@reverbnation.com,24-04-2025
151,Dari Toye,dtoye46@yellowbook.com,21-08-2025
152,Dominica Pero,dpero47@rediff.com,18-04-2025
153,Candra Targetter,ctargetter48@epa.gov,18-12-2024
154,Donall Kirkbright,dkirkbright49@about.com,14-01-2025
155,Haily McWhinnie,hmcwhinnie4a@icio.us,15-01-2025
156,Rutherford Costock,rcostock4b@state.tx.us,17-03-2025
157,Tymothy Keeney,tkeeney4c@twitpic.com,17-12-2024
158,Ursula Hudghton,uhudghton4d@blogger.com,20-03-2025
159,Sayre Nardrup,snardrup4e@wisc.edu,06-07-2025
160,Claudia Brumham,cbrumham4f@creativecommons.org,22-03-2025
161,Gaye MacConnell,gmacconnell4g@businessinsider.com,20-01-2025
162,Gianni Orans,gorans4h@naver.com,30-04-2025
163,Ardella Doughty,adoughty4i@yellowbook.com,10-04-2025
164,Ward Poyser,wpoyser4j@businessinsider.com,16-05-2025
165,Eugenie Witty,ewitty4k@sohu.com,04-01-2025
166,Amie Morfett,amorfett4l@g.co,30-10-2024
167,Rip Verling,rverling4m@github.com,02-07-2025
168,Christalle Ianiello,cianiello4n@amazon.co.jp,09-04-2025
169,Klemens McCahey,kmccahey4o@mapy.cz,03-01-2025
170,Joannes Cannan,jcannan4p@miibeian.gov.cn,21-07-2025
171,Geralda Ricci,gricci4q@infoseek.co.jp,30-09-2024
172,Norrie Bendell,nbendell4r@state.gov,15-07-2025
173,Imogen Northleigh,inorthleigh4s@prnewswire.com,09-12-2024
174,Lennie Lannin,llannin4t@ycombinator.com,27-07-2025
175,Marge Darling,mdarling4u@goodreads.com,31-10-2024
176,Lamont Smithies,lsmithies4v@ft.com,24-01-2025
177,Marquita Etter,metter4w@posterous.com,20-10-2024
178,Jackie Kezourec,jkezourec4x@cocolog-nifty.com,02-06-2025
179,Pammie Corn,pcorn4y@about.com,26-01-2025
180,Roldan Siehard,rsiehard4z@cdc.gov,19-03-2025
181,Kermie Kingzett,kkingzett50@shareasale.com,22-02-2025
182,Vincents Kinnear,vkinnear51@newyorker.com,07-08-2025
183,Joeann Kiddle,jkiddle52@va.gov,16-05-2025
184,Hiram Egalton,hegalton53@un.org,31-07-2025
185,Ellene Artin,eartin54@constantcontact.com,14-10-2024
186,Dionne Landall,dlandall55@engadget.com,21-01-2025
187,Farra Cruess,fcruess56@dot.gov,01-12-2024
188,Greg Maberley,gmaberley57@sfgate.com,17-02-2025
189,Jobye Fintoph,jfintoph58@opensource.org,25-09-2024
190,Margo MacGowing,mmacgowing59@timesonline.co.uk,24-10-2024
191,Viola Tenant,vtenant5a@dailymail.co.uk,09-05-2025
192,Alphard Milne,amilne5b@uol.com.br,03-07-2025
193,Grata Tart,gtart5c@oakley.com,09-08-2025
194,Grace Geyton,ggeyton5d@techcrunch.com,02-01-2025
195,Wernher Gladden,wgladden5e@studiopress.com,16-04-2025
196,Chaddie Fearick,cfearick5f@nba.com,24-05-2025
197,Nevins Fleg,nfleg5g@weebly.com,16-01-2025
198,Doreen Beverley,dbeverley5h@google.com.br,03-04-2025
199,Shana Kears,skears5i@moonfruit.com,02-06-2025
200,Niles Fittis,nfittis5j@quantcast.com,28-02-2025
201,Kip McKibbin,kmckibbin5k@earthlink.net,21-12-2024
202,Elle McLice,emclice5l@bluehost.com,15-10-2024
203,Ginger Wain,gwain5m@discovery.com,10-11-2024
204,Matilde Brookes,mbrookes5n@wikia.com,27-01-2025
205,Helen Folling,hfolling5o@sourceforge.net,14-05-2025
206,Kelsey Isley,kisley5p@newsvine.com,15-02-2025
207,Finlay Brophy,fbrophy5q@cdbaby.com,30-04-2025
208,Ludvig Albury,lalbury5r@discuz.net,19-11-2024
209,Yalonda Beckensall,ybeckensall5s@wikimedia.org,14-04-2025
210,Sallyanne Aleksashin,saleksashin5t@admin.ch,29-05-2025
211,Nickola Henkmann,nhenkmann5u@usnews.com,26-07-2025
212,Aurie Ysson,aysson5v@huffingtonpost.com,29-01-2025
213,Ferrel Villiers,fvilliers5w@bigcartel.com,18-12-2024
214,Cybill Bratch,cbratch5x@google.de,26-10-2024
215,Tabb Moresby,tmoresby5y@unblog.fr,27-07-2025
216,Alicia Taffurelli,ataffurelli5z@booking.com,03-11-2024
217,Roman Tudgay,rtudgay60@nymag.com,17-10-2024
218,Tallie Tockell,ttockell61@chronoengine.com,29-07-2025
219,Renard Algar,ralgar62@wikispaces.com,17-05-2025
220,Gauthier Waddilow,gwaddilow63@statcounter.com,28-03-2025
221,Anetta Dilliston,adilliston64@discuz.net,29-12-2024
222,Henrie Pittle,hpittle65@free.fr,16-11-2024
223,Ingeberg Crates,icrates66@elpais.com,18-03-2025
224,Yorker Smiths,ysmiths67@sciencedaily.com,17-03-2025
225,Renaud Vedishchev,rvedishchev68@un.org,03-10-2024
226,Malorie Gare,mgare69@ning.com,21-08-2025
227,Silas Patkin,spatkin6a@columbia.edu,18-12-2024
228,Gladys Phidgin,gphidgin6b@elegantthemes.com,30-01-2025
229,Gussie Smyth,gsmyth6c@studiopress.com,22-06-2025
230,Ryann Steuhlmeyer,rsteuhlmeyer6d@samsung.com,15-04-2025
231,Lutero Middas,lmiddas6e@etsy.com,27-01-2025
232,Robinette Vasyunkin,rvasyunkin6f@tuttocitta.it,08-02-2025
233,Jeannie Fife,jfife6g@cpanel.net,02-05-2025
234,Eden Scogings,escogings6h@yale.edu,22-04-2025
235,Kathe Hedditeh,khedditeh6i@apache.org,23-02-2025
236,Brandea Cadge,bcadge6j@skype.com,20-10-2024
237,Hebert Dalbey,hdalbey6k@angelfire.com,27-05-2025
238,Hinze Andrieu,handrieu6l@uol.com.br,06-04-2025
239,Whitby Marton,wmarton6m@sphinn.com,28-08-2025
240,Elinor Dalgliesh,edalgliesh6n@kickstarter.com,28-07-2025
241,Emalia Fillgate,efillgate6o@newsvine.com,28-11-2024
242,Carl Browne,cbrowne6p@answers.com,13-08-2025
243,Bo Ledger,bledger6q@engadget.com,17-05-2025
244,Charmine Byford,cbyford6r@wunderground.com,02-07-2025
245,Shawnee Crumly,scrumly6s@skyrock.com,08-03-2025
246,Galvin Selcraig,gselcraig6t@prnewswire.com,15-03-2025
247,Stefa Mansel,smansel6u@wp.com,03-09-2025
248,Nolie Morrieson,nmorrieson6v@constantcontact.com,26-01-2025
249,Tisha Ding,tding6w@macromedia.com,29-12-2024
250,Lulu Giroldi,lgiroldi6x@reddit.com,29-01-2025
251,Catherina Pietzner,cpietzner6y@princeton.edu,08-07-2025
252,Elsy Daughton,edaughton6z@theguardian.com,11-09-2024
253,Alanna Macer,amacer70@cnn.com,23-03-2025
254,Jemie Guyonneau,jguyonneau71@reddit.com,05-02-2025
255,Cathrine Klammt,cklammt72@boston.com,24-09-2024
256,Nate Paroni,nparoni73@bigcartel.com,29-10-2024
257,Marcelle Baline,mbaline74@businessinsider.com,02-09-2025
258,Carson Benedetti,cbenedetti75@dailymotion.com,14-08-2025
259,Scotti Lanney,slanney76@ox.ac.uk,09-06-2025
260,Dominique Papaccio,dpapaccio77@discuz.net,01-01-2025
261,Krystalle Sahnow,ksahnow78@ca.gov,27-09-2024
262,Kata Bastiman,kbastiman79@infoseek.co.jp,08-11-2024
263,Ky Matzkaitis,kmatzkaitis7a@bigcartel.com,04-06-2025
264,Kienan Downse,kdownse7b@irs.gov,20-09-2024
265,Kleon Greenrodd,kgreenrodd7c@dot.gov,30-05-2025
266,Larissa Issett,lissett7d@go.com,12-10-2024
267,Saul Heijne,sheijne7e@tiny.cc,28-11-2024
268,Blane Garci,bgarci7f@google.pl,11-05-2025
269,Nels Blabie,nblabie7g@nasa.gov,08-10-2024
270,Daune Sharpley,dsharpley7h@networksolutions.com,04-11-2024
271,Jany Maginot,jmaginot7i@bluehost.com,15-03-2025
272,Alexine Ethington,aethington7j@economist.com,17-10-2024
273,Beverly Sarra,bsarra7k@loc.gov,26-01-2025
274,Leslie Dugall,ldugall7l@youku.com,24-04-2025
275,Ortensia St. Quentin,ost7m@163.com,18-12-2024
276,Garnette Sandon,gsandon7n@privacy.gov.au,10-01-2025
277,Pietro Gietz,pgietz7o@uol.com.br,21-07-2025
278,Romola Orta,rorta7p@etsy.com,04-06-2025
279,Heidie Dobbie,hdobbie7q@ask.com,23-03-2025
280,Starlin MacNeilley,smacneilley7r@discovery.com,19-07-2025
281,Griffith Wint,gwint7s@tinyurl.com,15-06-2025
282,Ferguson Tilburn,ftilburn7t@weebly.com,22-12-2024
283,Horst Mixer,hmixer7u@technorati.com,02-05-2025
284,Granthem Lindstrom,glindstrom7v@oracle.com,16-10-2024
285,Bret Gildroy,bgildroy7w@walmart.com,05-08-2025
286,Billy Hebner,bhebner7x@ameblo.jp,05-06-2025
287,Evangelia Martel,emartel7y@networksolutions.com,10-08-2025
288,Gabrila Apperley,gapperley7z@ovh.net,06-01-2025
289,Ranique Kleynen,rkleynen80@hp.com,20-07-2025
290,Amii Sinkinson,asinkinson81@oakley.com,13-03-2025
291,Timothy Baumber,tbaumber82@irs.gov,09-02-2025
292,Mord Mattsson,mmattsson83@google.de,17-10-2024
293,Antonie Hector,ahector84@ustream.tv,04-06-2025
294,Karena Blodgett,kblodgett85@yahoo.com,15-02-2025
295,Malcolm Barkhouse,mbarkhouse86@wix.com,14-03-2025
296,Karmen Menaul,kmenaul87@hexun.com,28-02-2025
297,Clevie Clitherow,cclitherow88@mapy.cz,29-04-2025
298,Jerrilee Menlow,jmenlow89@bravesites.com,24-10-2024
299,Tildi Jovis,tjovis8a@senate.gov,26-12-2024
300,Ora Mortimer,omortimer8b@yahoo.com,13-12-2024
301,Ely Gaffney,egaffney8c@ning.com,02-05-2025
302,Lucille Mowle,lmowle8d@nydailynews.com,14-07-2025
303,Eleen Maystone,emaystone8e@ycombinator.com,07-05-2025
304,Shelli Stukings,sstukings8f@xinhuanet.com,07-04-2025
305,Rhiamon Gillooly,rgillooly8g@dropbox.com,17-08-2025
306,Jamill Babber,jbabber8h@nasa.gov,02-12-2024
307,Rodge Randalston,rrandalston8i@gravatar.com,14-05-2025
308,Ursuline Langeley,ulangeley8j@cocolog-nifty.com,29-10-2024
309,Colan Patley,cpatley8k@google.co.jp,08-01-2025
310,Cari Boulding,cboulding8l@home.pl,24-08-2025
311,Janetta Boullen,jboullen8m@cnet.com,07-03-2025
312,Jillane Uebel,juebel8n@constantcontact.com,22-05-2025
313,Lon Enderby,lenderby8o@sciencedaily.com,11-09-2024
314,Kurt Pavlovic,kpavlovic8p@bloomberg.com,27-10-2024
315,Del Culham,dculham8q@pagesperso-orange.fr,01-01-2025
316,Adda Ohlsen,aohlsen8r@google.com.br,04-06-2025
317,Onofredo Pragnell,opragnell8s@cloudflare.com,28-12-2024
318,Jacklyn Ferrotti,jferrotti8t@networkadvertising.org,12-11-2024
319,Leicester Croser,lcroser8u@nytimes.com,13-05-2025
320,Anson Rankmore,arankmore8v@indiegogo.com,26-11-2024
321,Lanie Waud,lwaud8w@mayoclinic.com,04-01-2025
322,Arlyn Minster,aminster8x@ed.gov,18-09-2024
323,Carrol Howsden,chowsden8y@chicagotribune.com,14-10-2024
324,Rafaelia Wadeling,rwadeling8z@upenn.edu,12-03-2025
325,Olivier Dowding,odowding90@cloudflare.com,19-10-2024
326,Kimberley Meers,kmeers91@sfgate.com,20-05-2025
327,Ivor Gammon,igammon92@ebay.co.uk,14-02-2025
328,Keefer Cestard,kcestard93@lycos.com,02-09-2025
329,Jermaine Skingley,jskingley94@examiner.com,28-06-2025
330,Therine Sloegrave,tsloegrave95@prlog.org,06-05-2025
331,Oralle Curreen,ocurreen96@ucoz.ru,24-02-2025
332,Vina Buse,vbuse97@csmonitor.com,09-09-2025
333,Aubert Gannicleff,agannicleff98@zdnet.com,18-04-2025
334,Ediva Adamovsky,eadamovsky99@dyndns.org,02-01-2025
335,Tyler Kay,tkay9a@fastcompany.com,27-08-2025
336,Adriana Zold,azold9b@harvard.edu,23-05-2025
337,Joeann Diffley,jdiffley9c@hhs.gov,29-05-2025
338,Hope Kennealy,hkennealy9d@tinyurl.com,09-06-2025
339,Roxana Blundel,rblundel9e@instagram.com,23-05-2025
340,Malinde Jurgen,mjurgen9f@cpanel.net,06-07-2025
341,Belvia Crouch,bcrouch9g@usnews.com,29-11-2024
342,Gaston Goozee,ggoozee9h@desdev.cn,26-08-2025
343,Vin Rawlyns,vrawlyns9i@wikimedia.org,09-07-2025
344,Rowen Hatfull,rhatfull9j@theguardian.com,28-10-2024
345,Emyle Brando,ebrando9k@amazon.de,20-11-2024
346,Angelika Loughney,aloughney9l@cam.ac.uk,02-05-2025
347,Saxe Hessenthaler,shessenthaler9m@biglobe.ne.jp,25-11-2024
348,Ceciley Devereux,cdevereux9n@wisc.edu,21-01-2025
349,Benito Evered,bevered9o@scribd.com,15-08-2025
350,Tommi Petry,tpetry9p@paypal.com,18-09-2024
351,Dermot Checklin,dchecklin9q@amazonaws.com,02-04-2025
352,Myron Kimbrey,mkimbrey9r@redcross.org,19-12-2024
353,Gerrie Kerwin,gkerwin9s@webs.com,05-11-2024
354,Kendre Bollum,kbollum9t@163.com,17-03-2025
355,Erin Perdue,eperdue9u@dagondesign.com,11-07-2025
356,Averil Veivers,aveivers9v@ycombinator.com,04-12-2024
357,Sander Conahy,sconahy9w@examiner.com,28-04-2025
358,Johannah Farrans,jfarrans9x@posterous.com,12-08-2025
359,Tobye Wrack,twrack9y@sciencedirect.com,26-10-2024
360,Dorey Van Geffen,dvan9z@linkedin.com,15-01-2025
361,Rogerio Kornes,rkornesa0@wufoo.com,01-08-2025
362,Gertrudis Rigler,griglera1@stumbleupon.com,21-01-2025
363,Gerianne Tales,gtalesa2@narod.ru,30-06-2025
364,Godwin Vallack,gvallacka3@dyndns.org,06-04-2025
365,Analiese Sutton,asuttona4@narod.ru,17-03-2025
366,Delly Cloute,dcloutea5@princeton.edu,22-04-2025
367,Ennis Curtayne,ecurtaynea6@feedburner.com,21-11-2024
368,Ivan Cannon,icannona7@etsy.com,09-05-2025
369,Aggi Clausewitz,aclausewitza8@ezinearticles.com,21-03-2025
370,Webb Yurin,wyurina9@upenn.edu,27-06-2025
371,Onofredo Curle,ocurleaa@cocolog-nifty.com,22-11-2024
372,Starlene McGahern,smcgahernab@biglobe.ne.jp,31-08-2025
373,Lauralee Tuckwell,ltuckwellac@purevolume.com,28-02-2025
374,Barthel Millis,bmillisad@microsoft.com,07-08-2025
375,Jeffy Kindred,jkindredae@smugmug.com,21-01-2025
376,Leta Umbers,lumbersaf@topsy.com,03-09-2025
377,Gail Milburn,gmilburnag@smugmug.com,13-03-2025
378,Sherwood Kinzett,skinzettah@taobao.com,25-02-2025
379,Darwin Walcar,dwalcarai@histats.com,02-12-2024
380,Mab Van Arsdale,mvanaj@mlb.com,09-01-2025
381,Betteann O'Shaughnessy,boshaughnessyak@deviantart.com,11-01-2025
382,Rabi Dunbleton,rdunbletonal@purevolume.com,16-09-2024
383,Glenna Massard,gmassardam@bbc.co.uk,15-07-2025
384,Zeb Burlingham,zburlinghaman@devhub.com,15-07-2025
385,Paul McClory,pmccloryao@arstechnica.com,14-08-2025
386,Averyl Doy,adoyap@domainmarket.com,11-12-2024
387,Farr Rizzini,frizziniaq@yellowbook.com,11-08-2025
388,Elmer Cotterel,ecotterelar@foxnews.com,27-04-2025
389,Glenn Eversley,geversleyas@gnu.org,02-10-2024
390,Daveta Joseph,djosephat@alibaba.com,14-02-2025
391,Zahara Baughn,zbaughnau@who.int,11-05-2025
392,Gamaliel Giacobelli,ggiacobelliav@imgur.com,18-03-2025
393,Debbie Oris,dorisaw@wp.com,17-06-2025
394,Mace Tagg,mtaggax@facebook.com,11-02-2025
395,Darryl Swateridge,dswateridgeay@oracle.com,03-07-2025
396,Calhoun Kaye,ckayeaz@google.co.uk,02-09-2025
397,Stefan Raiston,sraistonb0@ucoz.ru,29-05-2025
398,Garrot Casajuana,gcasajuanab1@state.gov,27-09-2024
399,Jeanne Bergeau,jbergeaub2@nydailynews.com,15-01-2025
400,Mitchell Antoney,mantoneyb3@elpais.com,24-05-2025
401,Tatum Beeton,tbeetonb4@rakuten.co.jp,03-03-2025
402,Gerri Matt,gmattb5@so-net.ne.jp,18-11-2024
403,Wyn Digg,wdiggb6@nyu.edu,12-06-2025
404,Lesli Jupe,ljupeb7@xrea.com,01-07-2025
405,Kiri Kinnin,kkinninb8@seattletimes.com,05-06-2025
406,Benjy Berthot,bberthotb9@ehow.com,04-01-2025
407,Riannon Algy,ralgyba@cpanel.net,26-03-2025
408,Clare Ahrens,cahrensbb@slideshare.net,24-11-2024
409,Theodosia Redmond,tredmondbc@ebay.com,10-01-2025
410,Hermon O'Hanlon,hohanlonbd@archive.org,09-05-2025
411,Baxie Steutly,bsteutlybe@com.com,04-04-2025
412,Edy Chadney,echadneybf@altervista.org,24-02-2025
413,Klarika Thrower,kthrowerbg@google.es,05-08-2025
414,Matthieu Jeram,mjerambh@cnbc.com,07-04-2025
415,Colene Brigham,cbrighambi@marketwatch.com,25-02-2025
416,Siffre Cocozza,scocozzabj@csmonitor.com,10-09-2025
417,Melisa Winnister,mwinnisterbk@sohu.com,19-03-2025
418,Charmaine Orwell,corwellbl@bbb.org,28-03-2025
419,Ricoriki Thornbarrow,rthornbarrowbm@eventbrite.com,23-12-2024
420,Lindsay Dannell,ldannellbn@gizmodo.com,06-07-2025
421,Jeri Phelipeau,jphelipeaubo@cbsnews.com,18-12-2024
422,Ivie Mannix,imannixbp@cisco.com,21-07-2025
423,Clywd Markey,cmarkeybq@people.com.cn,17-09-2024
424,Loutitia Edgin,ledginbr@ted.com,16-11-2024
425,Vanya Melsome,vmelsomebs@tinyurl.com,19-07-2025
426,Kean Lassen,klassenbt@yellowbook.com,07-09-2025
427,Dewain Lamlin,dlamlinbu@cisco.com,20-03-2025
428,Ricky McVicar,rmcvicarbv@mediafire.com,20-03-2025
429,Donica Gatehouse,dgatehousebw@addtoany.com,29-08-2025
430,Kristina Aldwich,kaldwichbx@aboutads.info,06-07-2025
431,Angelico Scyner,ascynerby@ucla.edu,18-10-2024
432,Steven Jeanin,sjeaninbz@foxnews.com,01-07-2025
433,Aryn Klazenga,aklazengac0@ezinearticles.com,03-07-2025
434,Erinna Dutt,eduttc1@columbia.edu,27-08-2025
435,Germain Verdie,gverdiec2@ovh.net,04-07-2025
436,Sibelle June,sjunec3@netlog.com,26-08-2025
437,Hallsy Hughes,hhughesc4@eepurl.com,26-01-2025
438,Humfried Dyett,hdyettc5@uiuc.edu,15-02-2025
439,Anya Maso,amasoc6@smh.com.au,15-11-2024
440,Dougy Curneen,dcurneenc7@bloglovin.com,23-07-2025
441,Lilith Fyall,lfyallc8@latimes.com,23-04-2025
442,Anna-maria Goch,agochc9@nyu.edu,09-04-2025
443,Lizzy Renish,lrenishca@angelfire.com,05-06-2025
444,Remy Kohnen,rkohnencb@google.de,18-11-2024
445,Luke Shwenn,lshwenncc@ask.com,16-02-2025
446,Shellysheldon Thyng,sthyngcd@ask.com,24-03-2025
447,Gaylor Tezure,gtezurece@barnesandnoble.com,30-09-2024
448,Lanae Dunkirk,ldunkirkcf@mtv.com,12-08-2025
449,Gerty Rosenblatt,grosenblattcg@ox.ac.uk,04-01-2025
450,Marja Venton,mventonch@hibu.com,18-03-2025
451,Delinda Balaizot,dbalaizotci@nih.gov,12-10-2024
452,Gabbey Ivankov,givankovcj@unesco.org,26-09-2024
453,Kristan Celiz,kcelizck@bandcamp.com,05-06-2025
454,Claudie Akester,cakestercl@marketwatch.com,08-01-2025
455,Dex Vasilechko,dvasilechkocm@furl.net,09-12-2024
456,Blanca Ghioni,bghionicn@apple.com,07-06-2025
457,Siana Garroch,sgarrochco@google.ru,09-06-2025
458,Trish Iacavone,tiacavonecp@baidu.com,13-12-2024
459,Collen Lightfoot,clightfootcq@narod.ru,05-04-2025
460,Alvera Woolford,awoolfordcr@alexa.com,13-08-2025
461,Deeyn Colbert,dcolbertcs@ezinearticles.com,18-02-2025
462,Margarita Neave,mneavect@issuu.com,04-10-2024
463,Willa Harrowell,wharrowellcu@aboutads.info,19-05-2025
464,Mattie Arboin,marboincv@bizjournals.com,30-10-2024
465,Lulita Gurry,lgurrycw@nsw.gov.au,06-12-2024
466,Bram Sumshon,bsumshoncx@clickbank.net,02-01-2025
467,Collete Goulbourne,cgoulbournecy@auda.org.au,05-07-2025
468,Erny Ondracek,eondracekcz@spotify.com,24-01-2025
469,Oberon Lamberton,olambertond0@toplist.cz,15-01-2025
470,Kurtis Peerless,kpeerlessd1@cbsnews.com,11-03-2025
471,Chilton Westnedge,cwestnedged2@stumbleupon.com,19-02-2025
472,Jobye Phillcock,jphillcockd3@blogspot.com,03-03-2025
473,Chrotoem Folbige,cfolbiged4@ibm.com,21-04-2025
474,Rossy McEvilly,rmcevillyd5@ocn.ne.jp,18-03-2025
475,Davie Karpf,dkarpfd6@sitemeter.com,24-02-2025
476,Eimile McEnteggart,emcenteggartd7@forbes.com,08-12-2024
477,Garnet Burchess,gburchessd8@narod.ru,11-10-2024
478,Jolynn Darlington,jdarlingtond9@yellowpages.com,03-03-2025
479,Antonina Groves,agrovesda@hubpages.com,14-06-2025
480,Misha Nickless,mnicklessdb@go.com,01-09-2025
481,Jaimie Emburey,jembureydc@drupal.org,14-07-2025
482,Tabby Exelby,texelbydd@soup.io,15-09-2024
483,Frederico Cotsford,fcotsfordde@sun.com,09-06-2025
484,Vonny Methven,vmethvendf@bing.com,14-06-2025
485,Gerick Drummond,gdrummonddg@amazon.com,15-06-2025
486,Juan Mardoll,jmardolldh@telegraph.co.uk,17-05-2025
487,North Bradick,nbradickdi@ow.ly,11-01-2025
488,Roy Gonsalo,rgonsalodj@engadget.com,08-05-2025
489,Rickie Cuell,rcuelldk@etsy.com,13-09-2024
490,Roma Baggallay,rbaggallaydl@yale.edu,22-04-2025
491,Clayborn Coyett,ccoyettdm@yelp.com,27-12-2024
492,Britney Nettle,bnettledn@blinklist.com,23-05-2025
493,Benjamen Collie,bcolliedo@slashdot.org,17-10-2024
494,Jessica Soppeth,jsoppethdp@nymag.com,29-11-2024
495,Yorgo Easby,yeasbydq@oaic.gov.au,03-04-2025
496,Anselma Sterman,astermandr@jugem.jp,14-11-2024
497,Gayla MacGiffin,gmacgiffinds@artisteer.com,06-11-2024
498,Agretha Walcher,awalcherdt@ox.ac.uk,28-06-2025
499,Hort Paddemore,hpaddemoredu@google.com.br,23-04-2025
500,Cobb Hrynczyk,chrynczykdv@miibeian.gov.cn,30-11-2024
501,Germayne Woolliams,gwoolliamsdw@ucoz.ru,30-11-2024
502,Maxie Domelaw,mdomelawdx@nymag.com,10-08-2025
503,Cindy Glide,cglidedy@soup.io,14-03-2025
504,Markus Bernardin,mbernardindz@privacy.gov.au,05-05-2025
505,Gearalt Guise,gguisee0@youku.com,04-05-2025
506,Turner Sackes,tsackese1@xrea.com,30-05-2025
507,Yul Prandini,yprandinie2@answers.com,08-08-2025
508,Kinna Scrowton,kscrowtone3@hugedomains.com,27-09-2024
509,Roanna Worlidge,rworlidgee4@nba.com,31-07-2025
510,Glynda Goodings,ggoodingse5@joomla.org,05-10-2024
511,Maximilien Howton,mhowtone6@usda.gov,22-02-2025
512,Darb Mohun,dmohune7@hubpages.com,02-06-2025
513,Shoshana Ivanchenkov,sivanchenkove8@webeden.co.uk,17-03-2025
514,Curr Conklin,cconkline9@linkedin.com,25-11-2024
515,Bellina Guitton,bguittonea@miitbeian.gov.cn,06-04-2025
516,Cicely Hattoe,chattoeeb@dell.com,28-11-2024
517,Cathleen Malinson,cmalinsonec@thetimes.co.uk,01-04-2025
518,Diannne Heningam,dheningamed@cdc.gov,06-05-2025
519,Cherey MacAlees,cmacaleesee@xinhuanet.com,23-04-2025
520,Desi Marikhin,dmarikhinef@oaic.gov.au,06-03-2025
521,Loria Fellon,lfelloneg@freewebs.com,10-10-2024
522,Eveleen Maton,ematoneh@java.com,23-05-2025
523,Elvina Worledge,eworledgeei@umn.edu,18-01-2025
524,Mirabelle Leete,mleeteej@marriott.com,13-03-2025
525,Carlyn Sheed,csheedek@economist.com,07-06-2025
526,Liuka Crannage,lcrannageel@abc.net.au,09-12-2024
527,Myrtle Gohn,mgohnem@themeforest.net,10-08-2025
528,Wyn Phelipeau,wphelipeauen@nba.com,03-06-2025
529,Joel Bates,jbateseo@msn.com,02-11-2024
530,Codi Cona,cconaep@google.de,01-11-2024
531,Lila Hogsden,lhogsdeneq@wp.com,11-05-2025
532,Marita Melendez,mmelendezer@elpais.com,16-12-2024
533,Garek Richardet,grichardetes@weather.com,06-10-2024
534,Lynnet Harcarse,lharcarseet@weebly.com,15-07-2025
535,Aubree Bursnoll,abursnolleu@tamu.edu,10-06-2025
536,Michaelina Ilive,miliveev@wordpress.org,11-04-2025
537,Ailbert Scotchmor,ascotchmorew@csmonitor.com,12-08-2025
538,Ellery Wandrich,ewandrichex@squidoo.com,01-05-2025
539,Baudoin Keasey,bkeaseyey@slate.com,28-01-2025
540,Catharina Finlayson,cfinlaysonez@ca.gov,09-07-2025
541,Crystal Kerbey,ckerbeyf0@tinyurl.com,01-04-2025
542,Zack Peeke-Vout,zpeekevoutf1@gov.uk,04-02-2025
543,Byran Ledwidge,bledwidgef2@constantcontact.com,23-05-2025
544,Walliw Mitkcov,wmitkcovf3@prlog.org,12-07-2025
545,Elfie Geely,egeelyf4@yahoo.co.jp,30-09-2024
546,Norry Gallon,ngallonf5@csmonitor.com,21-12-2024
547,Marena Yerill,myerillf6@gravatar.com,23-01-2025
548,Frieda Mansford,fmansfordf7@stumbleupon.com,15-09-2024
549,Rosalynd Grellier,rgrellierf8@va.gov,01-03-2025
550,Riobard Sinnock,rsinnockf9@google.com.hk,17-12-2024
551,Christos Arangy,carangyfa@merriam-webster.com,28-10-2024
552,Faydra McAmish,fmcamishfb@sun.com,13-02-2025
553,Eberhard Moore,emoorefc@weebly.com,31-03-2025
554,Byram Caffin,bcaffinfd@joomla.org,24-06-2025
555,Raddy Lages,rlagesfe@dailymail.co.uk,02-08-2025
556,Alexei Giovannini,agiovanniniff@facebook.com,13-01-2025
557,Matias Bodham,mbodhamfg@ucla.edu,04-07-2025
558,Durant Francisco,dfranciscofh@hc360.com,25-08-2025
559,Meir Dunnett,mdunnettfi@delicious.com,04-07-2025
560,Cherrita Squeers,csqueersfj@ebay.co.uk,28-02-2025
561,Boycie Abrahamsohn,babrahamsohnfk@qq.com,14-04-2025
562,Kiley Nast,knastfl@patch.com,10-01-2025
563,Felipa Shewon,fshewonfm@php.net,19-08-2025
564,Petunia Ricketts,prickettsfn@google.co.uk,22-03-2025
565,Antin Fancett,afancettfo@amazon.co.jp,27-10-2024
566,Freda Harrald,fharraldfp@youtube.com,26-12-2024
567,Melany Vala,mvalafq@yahoo.com,30-04-2025
568,Fleming Howlings,fhowlingsfr@fastcompany.com,12-01-2025
569,Amelina Decaze,adecazefs@sakura.ne.jp,21-11-2024
570,Munroe Corsor,mcorsorft@state.tx.us,30-04-2025
571,Si Hinge,shingefu@addtoany.com,09-07-2025
572,Leora Tattershall,ltattershallfv@umich.edu,20-07-2025
573,Oates Boobyer,oboobyerfw@printfriendly.com,11-02-2025
574,Pren Thecham,pthechamfx@flickr.com,16-01-2025
575,Mariejeanne Dower,mdowerfy@virginia.edu,19-11-2024
576,Irving Steptowe,isteptowefz@acquirethisname.com,29-05-2025
577,Rozelle Stoakley,rstoakleyg0@umn.edu,15-11-2024
578,Tommie Works,tworksg1@4shared.com,31-12-2024
579,Price Camplejohn,pcamplejohng2@wikia.com,12-02-2025
580,Rosalyn Nesbeth,rnesbethg3@cbslocal.com,27-01-2025
581,Rachael Blaza,rblazag4@example.com,30-07-2025
582,Lind Shipton,lshiptong5@is.gd,13-04-2025
583,Martynne Leisk,mleiskg6@bandcamp.com,04-01-2025
584,Chelsey Usherwood,cusherwoodg7@sourceforge.net,29-11-2024
585,Emanuele Luscott,eluscottg8@ucoz.com,16-12-2024
586,Nelia Thurstance,nthurstanceg9@businessinsider.com,28-01-2025
587,Annmaria Kubal,akubalga@istockphoto.com,11-05-2025
588,Jamima Killen,jkillengb@gnu.org,15-05-2025
589,Jocelin Joriot,jjoriotgc@state.gov,31-01-2025
590,Adriano Le Strange,alegd@ted.com,03-10-2024
591,Kameko Payton,kpaytonge@prnewswire.com,20-01-2025
592,Dedie Scandrite,dscandritegf@webnode.com,08-11-2024
593,Anastasia Synnot,asynnotgg@patch.com,24-02-2025
594,Chiarra Bruniges,cbrunigesgh@wisc.edu,10-05-2025
595,Charissa Haney`,chaneygi@imageshack.us,21-08-2025
596,Bondie Rule,brulegj@examiner.com,11-10-2024
597,Hermione Yellowlea,hyellowleagk@blog.com,01-10-2024
598,Powell Bentson,pbentsongl@accuweather.com,29-06-2025
599,Valaree Loyley,vloyleygm@cocolog-nifty.com,26-10-2024
600,Weider Goldster,wgoldstergn@uol.com.br,07-02-2025
601,Maxie Bunyan,mbunyango@apache.org,26-09-2024
602,Findlay Hemphall,fhemphallgp@cnbc.com,16-12-2024
603,Daffie Gergely,dgergelygq@biblegateway.com,01-06-2025
604,Willabella Reder,wredergr@naver.com,24-02-2025
605,Fielding Surgener,fsurgenergs@qq.com,10-12-2024
606,Royall Harbottle,rharbottlegt@wiley.com,17-11-2024
607,Ann-marie Lerohan,alerohangu@deviantart.com,03-03-2025
608,Raddy Andrzejowski,randrzejowskigv@aol.com,26-12-2024
609,Ardeen Hailes,ahailesgw@nih.gov,26-06-2025
610,Tamar Harman,tharmangx@deviantart.com,21-01-2025
611,Terry Rossetti,trossettigy@cocolog-nifty.com,01-04-2025
612,Tersina Regina,treginagz@github.io,26-12-2024
613,Mellisa Flanner,mflannerh0@ft.com,20-04-2025
614,Teresita Ciccottio,tciccottioh1@aol.com,13-05-2025
615,Oberon Bridgland,obridglandh2@example.com,28-08-2025
616,Lyndsay Sadlier,lsadlierh3@weibo.com,08-03-2025
617,Barbabas Ducrow,bducrowh4@hhs.gov,22-03-2025
618,Germana Springle,gspringleh5@baidu.com,22-06-2025
619,Guilbert Audus,gaudush6@naver.com,12-11-2024
620,Darice Trustie,dtrustieh7@constantcontact.com,22-06-2025
621,Marleen Ricson,mricsonh8@google.com.br,09-02-2025
622,Estrella Rucklidge,erucklidgeh9@dailymail.co.uk,26-04-2025
623,Helena Hellicar,hhellicarha@nymag.com,28-05-2025
624,Webb Ruckhard,wruckhardhb@ftc.gov,17-11-2024
625,Filip Cardow,fcardowhc@cnn.com,10-09-2025
626,Fidela Tomczak,ftomczakhd@japanpost.jp,16-04-2025
627,Brier Fullbrook,bfullbrookhe@yahoo.co.jp,09-12-2024
628,Quinta Najara,qnajarahf@comcast.net,29-10-2024
629,Royce Leal,rlealhg@tripod.com,13-04-2025
630,Crin McEvoy,cmcevoyhh@altervista.org,24-03-2025
631,Nikaniki Nottingham,nnottinghamhi@wisc.edu,09-09-2025
632,Culley Buckeridge,cbuckeridgehj@bravesites.com,03-10-2024
633,Marline Skentelbery,mskentelberyhk@mozilla.com,03-03-2025
634,Max Swatheridge,mswatheridgehl@slate.com,12-09-2024
635,Stefa Kendrew,skendrewhm@godaddy.com,28-05-2025
636,Trudie Lathey,tlatheyhn@marketwatch.com,03-12-2024
637,Laural Fayers,lfayersho@jugem.jp,26-04-2025
638,Titos Coathup,tcoathuphp@cisco.com,16-04-2025
639,Bealle Barnham,bbarnhamhq@oaic.gov.au,31-01-2025
640,Enrichetta Witcherley,ewitcherleyhr@issuu.com,23-01-2025
641,Jerald Coopper,jcoopperhs@weather.com,14-02-2025
642,Latashia Fowlston,lfowlstonht@behance.net,25-09-2024
643,Winnifred Simkovich,wsimkovichhu@ifeng.com,16-10-2024
644,Ealasaid Phillips,ephillipshv@xing.com,13-11-2024
645,Melva Cheake,mcheakehw@howstuffworks.com,28-11-2024
646,Chadwick Martinez,cmartinezhx@yelp.com,08-11-2024
647,Chelsy Bruyntjes,cbruyntjeshy@blogtalkradio.com,05-07-2025
648,Gerik Maguire,gmaguirehz@mapquest.com,14-12-2024
649,Gennie Worboy,gworboyi0@house.gov,08-06-2025
650,Mar Pennycook,mpennycooki1@hibu.com,04-02-2025
651,Pammie Haresnape,pharesnapei2@prweb.com,17-04-2025
652,Frederich Rozycki,frozyckii3@archive.org,07-12-2024
653,Brooke Wevell,bwevelli4@fotki.com,08-11-2024
654,Homerus Van Velde,hvani5@nhs.uk,27-11-2024
655,Julienne Durnian,jdurniani6@rediff.com,22-10-2024
656,Laurella Ridoutt,lridoutti7@goo.ne.jp,19-11-2024
657,Kean Gravett,kgravetti8@tumblr.com,05-10-2024
658,Scott Vasilischev,svasilischevi9@ed.gov,22-05-2025
659,Duke Hagart,dhagartia@nsw.gov.au,09-11-2024
660,Shirlene Buller,sbullerib@is.gd,22-01-2025
661,Jaynell Antonetti,jantonettiic@gizmodo.com,07-08-2025
662,Isahella De Benedetti,ideid@clickbank.net,01-04-2025
663,Jacinta Pilkinton,jpilkintonie@mozilla.org,10-07-2025
664,Gwen Doggerell,gdoggerellif@jigsy.com,18-01-2025
665,Gordon Outridge,goutridgeig@dropbox.com,01-01-2025
666,Penni Mickan,pmickanih@jugem.jp,19-08-2025
667,Vaughn Wetherald,vwetheraldii@ftc.gov,21-11-2024
668,Sander Skewis,sskewisij@naver.com,30-08-2025
669,Franz Bridgeland,fbridgelandik@blog.com,25-02-2025
670,Beverly Tompkin,btompkinil@netscape.com,30-04-2025
671,Lorry Alway,lalwayim@imdb.com,03-03-2025
672,Ingemar Corona,icoronain@si.edu,20-08-2025
673,Estell Lott,elottio@printfriendly.com,26-11-2024
674,Bridie Dannell,bdannellip@skype.com,09-09-2025
675,Lothario Staker,lstakeriq@amazon.co.jp,18-02-2025
676,Nananne Grombridge,ngrombridgeir@intel.com,13-01-2025
677,Dahlia Hixley,dhixleyis@nbcnews.com,25-09-2024
678,Melisenda Glacken,mglackenit@usatoday.com,12-04-2025
679,Conchita Simione,csimioneiu@nature.com,29-10-2024
680,Dionisio Huriche,dhuricheiv@virginia.edu,15-11-2024
681,Boycey Ridgers,bridgersiw@flickr.com,25-03-2025
682,Hilly Derry,hderryix@zimbio.com,29-08-2025
683,Bendicty Lomaz,blomaziy@nifty.com,03-10-2024
684,Artemas Ridout,aridoutiz@people.com.cn,01-02-2025
685,Bondon Ingold,bingoldj0@newyorker.com,12-08-2025
686,Alfreda Hyam,ahyamj1@latimes.com,08-09-2025
687,Jacenta Kovelmann,jkovelmannj2@forbes.com,02-04-2025
688,Goldina Libri,glibrij3@de.vu,24-01-2025
689,Tobiah Haythorn,thaythornj4@chronoengine.com,15-09-2024
690,Theresina Sirl,tsirlj5@multiply.com,23-07-2025
691,Hewie Denney,hdenneyj6@quantcast.com,26-10-2024
692,Minta Collman,mcollmanj7@cbc.ca,30-04-2025
693,Nicko Convery,nconveryj8@guardian.co.uk,13-11-2024
694,Bellanca Rodgman,brodgmanj9@ucla.edu,06-09-2025
695,Allianora Genner,agennerja@sakura.ne.jp,11-06-2025
696,Anallise Risley,arisleyjb@i2i.jp,07-05-2025
697,Haleigh Meany,hmeanyjc@deviantart.com,19-06-2025
698,Alexine Spellacy,aspellacyjd@nymag.com,11-06-2025
699,Thorpe Kleine,tkleineje@cdbaby.com,07-05-2025
700,Anni d'Escoffier,adescoffierjf@independent.co.uk,15-11-2024
701,Melina McCamish,mmccamishjg@hud.gov,19-08-2025
702,Haslett Wragge,hwraggejh@twitter.com,16-07-2025
703,Savina Gibbieson,sgibbiesonji@soup.io,12-09-2024
704,Silvanus Orneles,sornelesjj@theguardian.com,11-04-2025
705,Morgun Loadwick,mloadwickjk@constantcontact.com,05-09-2025
706,Nola McGifford,nmcgiffordjl@prlog.org,27-05-2025
707,Cyrille Proudler,cproudlerjm@arstechnica.com,31-12-2024
708,Leora Docket,ldocketjn@springer.com,30-04-2025
709,Susana Claffey,sclaffeyjo@acquirethisname.com,18-05-2025
710,Thedrick Naptin,tnaptinjp@macromedia.com,04-06-2025
711,Mignon Ramberg,mrambergjq@uol.com.br,20-09-2024
712,Aryn Bantick,abantickjr@oaic.gov.au,23-01-2025
713,Kylila Windybank,kwindybankjs@devhub.com,12-11-2024
714,Gunner McKag,gmckagjt@ucla.edu,04-02-2025
715,Taddeusz Tabram,ttabramju@delicious.com,20-09-2024
716,Wilmette Heimes,wheimesjv@huffingtonpost.com,16-03-2025
717,Bambi Giacopazzi,bgiacopazzijw@marketwatch.com,26-11-2024
718,Kathryn Gartrell,kgartrelljx@imdb.com,22-08-2025
719,Abie De L'Isle,adejy@nyu.edu,12-01-2025
720,Toddy Laphorn,tlaphornjz@pinterest.com,29-08-2025
721,Cordi Snawdon,csnawdonk0@cargocollective.com,08-03-2025
722,Torr Costello,tcostellok1@google.it,15-06-2025
723,Philis Bearns,pbearnsk2@google.co.jp,14-09-2024
724,Hailee Saddler,hsaddlerk3@wsj.com,06-08-2025
725,Kissiah MacGillivray,kmacgillivrayk4@google.co.uk,04-09-2025
726,Bobbee Hitzschke,bhitzschkek5@cdbaby.com,27-02-2025
727,Eda Gotthard.sf,egotthardsfk6@newyorker.com,29-12-2024
728,Odella Grist,ogristk7@squarespace.com,10-08-2025
729,Kaycee Spreag,kspreagk8@craigslist.org,30-12-2024
730,Meredith Dormon,mdormonk9@reference.com,05-05-2025
731,Vannie Goodwell,vgoodwellka@sitemeter.com,20-03-2025
732,Bobinette Cristou,bcristoukb@meetup.com,24-07-2025
733,Alisun Wharram,awharramkc@sciencedaily.com,05-09-2025
734,Lorilee Semble,lsemblekd@latimes.com,03-02-2025
735,Min Francescozzi,mfrancescozzike@disqus.com,21-09-2024
736,Kacey Sibborn,ksibbornkf@tiny.cc,05-02-2025
737,Melanie Carmichael,mcarmichaelkg@nytimes.com,28-01-2025
738,Barnett Basketter,bbasketterkh@biglobe.ne.jp,29-01-2025
739,Marcille Durram,mdurramki@umich.edu,12-05-2025
740,Selig Fitter,sfitterkj@shutterfly.com,10-12-2024
741,Rolland Fillingham,rfillinghamkk@redcross.org,22-07-2025
742,Kirstin Thorndycraft,kthorndycraftkl@nba.com,04-07-2025
743,Raimondo Bulstrode,rbulstrodekm@amazon.co.uk,23-01-2025
744,Purcell Hum,phumkn@census.gov,16-06-2025
745,Ward Gash,wgashko@com.com,05-01-2025
746,Cody Mathon,cmathonkp@g.co,13-09-2024
747,Johny Zanetello,jzanetellokq@bbb.org,12-01-2025
748,Winonah Chadburn,wchadburnkr@wix.com,19-06-2025
749,Marcille Dimbylow,mdimbylowks@dmoz.org,22-09-2024
750,Regen Iannuzzelli,riannuzzellikt@skype.com,31-12-2024
751,Derry Cayette,dcayetteku@yolasite.com,26-04-2025
752,Lenee Brettelle,lbrettellekv@sciencedaily.com,13-05-2025
753,Osborn Dreelan,odreelankw@quantcast.com,15-01-2025
754,Courtnay Verey,cvereykx@eventbrite.com,13-08-2025
755,Julina Hunnicot,jhunnicotky@zdnet.com,23-07-2025
756,Rolfe Potes,rpoteskz@shutterfly.com,04-07-2025
757,Linnea Dobeson,ldobesonl0@hud.gov,09-11-2024
758,Carmela Greatrakes,cgreatrakesl1@ocn.ne.jp,24-08-2025
759,Eileen Lawrie,elawriel2@state.gov,25-03-2025
760,Winni Goning,wgoningl3@tiny.cc,18-11-2024
761,La verne Jakubovits,lvernel4@eventbrite.com,23-09-2024
762,Dana Gwinnett,dgwinnettl5@tripod.com,15-03-2025
763,Zenia Slorance,zslorancel6@topsy.com,19-04-2025
764,Kattie Rubinlicht,krubinlichtl7@loc.gov,01-11-2024
765,Venita Strowther,vstrowtherl8@forbes.com,29-05-2025
766,Helen-elizabeth Maffioni,hmaffionil9@addthis.com,06-05-2025
767,Pamela Cortin,pcortinla@moonfruit.com,18-08-2025
768,Corri Hambrick,chambricklb@livejournal.com,29-05-2025
769,Adelice Hilland,ahillandlc@dell.com,03-04-2025
770,Velvet Negri,vnegrild@last.fm,10-02-2025
771,Gabriella Walklott,gwalklottle@webs.com,11-03-2025
772,Haslett Band,hbandlf@deliciousdays.com,19-07-2025
773,Sada Van den Broek,svanlg@sphinn.com,13-07-2025
774,Neddie Smither,nsmitherlh@java.com,21-10-2024
775,Dore Widmoor,dwidmoorli@bing.com,12-08-2025
776,Caro Wessell,cwesselllj@merriam-webster.com,26-09-2024
777,Arvy Fleay,afleaylk@rakuten.co.jp,08-12-2024
778,Ebeneser Bibbie,ebibbiell@nbcnews.com,05-01-2025
779,Currey Marvell,cmarvelllm@deliciousdays.com,11-06-2025
780,Neel Gounet,ngounetln@dyndns.org,02-09-2025
781,Abbye Sylett,asylettlo@storify.com,31-10-2024
782,Nanny Swanton,nswantonlp@is.gd,06-06-2025
783,Trefor Groger,tgrogerlq@apache.org,22-01-2025
784,Friederike MacShirie,fmacshirielr@goo.gl,02-11-2024
785,Anthia Di Biagi,adils@examiner.com,19-12-2024
786,Randall Alexsandrov,ralexsandrovlt@trellian.com,14-07-2025
787,Ibby Caygill,icaygilllu@adobe.com,13-07-2025
788,Ingram Bewsy,ibewsylv@yahoo.com,21-04-2025
789,Nickolas Bockett,nbockettlw@joomla.org,10-07-2025
790,Marthena Deveral,mdeverallx@creativecommons.org,21-03-2025
791,May Enocksson,menockssonly@springer.com,27-03-2025
792,Astra Kacheller,akachellerlz@sciencedaily.com,03-11-2024
793,Finley Bulfoot,fbulfootm0@lulu.com,05-11-2024
794,Roseline Moger,rmogerm1@deliciousdays.com,21-10-2024
795,Carlyn Fillan,cfillanm2@photobucket.com,16-03-2025
796,Kelsey Jinkinson,kjinkinsonm3@mapquest.com,31-12-2024
797,Eddie Lindroos,elindroosm4@timesonline.co.uk,08-10-2024
798,Breanne Crosier,bcrosierm5@nsw.gov.au,10-03-2025
799,Raymund Schott,rschottm6@weather.com,04-06-2025
800,Vail Metrick,vmetrickm7@biblegateway.com,10-03-2025
801,Cathy McKay,cmckaym8@xinhuanet.com,15-07-2025
802,Boot Graveney,bgraveneym9@dropbox.com,24-05-2025
803,Shelba Sussams,ssussamsma@surveymonkey.com,14-09-2024
804,Guinevere Gyver,ggyvermb@histats.com,27-11-2024
805,Maure Drinkeld,mdrinkeldmc@bing.com,25-01-2025
806,Caroline Maffi,cmaffimd@mashable.com,04-05-2025
807,Grete Kemson,gkemsonme@typepad.com,19-04-2025
808,Dianna Houchen,dhouchenmf@last.fm,09-02-2025
809,Shantee Handover,shandovermg@spotify.com,05-05-2025
810,Corty Girauld,cgirauldmh@instagram.com,17-12-2024
811,Fionnula Paye,fpayemi@ezinearticles.com,03-10-2024
812,Lorant Lasselle,llassellemj@sbwire.com,23-09-2024
813,Katrine Ferrea,kferreamk@state.tx.us,14-10-2024
814,Jacky Boshard,jboshardml@princeton.edu,13-03-2025
815,Gabe Haws,ghawsmm@adobe.com,09-06-2025
816,Mariellen Cuttell,mcuttellmn@hubpages.com,14-05-2025
817,Ashil Rubinovici,arubinovicimo@hibu.com,18-08-2025
818,Consuela Gritskov,cgritskovmp@163.com,08-03-2025
819,Jason Blaxley,jblaxleymq@thetimes.co.uk,05-11-2024
820,Danell O'Bruen,dobruenmr@intel.com,20-01-2025
821,Sandi Stormouth,sstormouthms@gravatar.com,11-03-2025
822,Kendre Richardeau,krichardeaumt@chicagotribune.com,10-07-2025
823,Garwin Blazek,gblazekmu@chronoengine.com,28-10-2024
824,Darelle Lahrs,dlahrsmv@123-reg.co.uk,20-06-2025
825,Judy Widdicombe,jwiddicombemw@eventbrite.com,15-05-2025
826,Urban Hadland,uhadlandmx@360.cn,08-09-2025
827,Fulton Stedall,fstedallmy@rediff.com,07-11-2024
828,Romeo Gooble,rgooblemz@indiatimes.com,26-12-2024
829,Farr Bingell,fbingelln0@ehow.com,20-07-2025
830,Kimmy Lohering,kloheringn1@jigsy.com,29-05-2025
831,Rafferty Hayton,rhaytonn2@economist.com,16-05-2025
832,Rodolfo McKeowon,rmckeowonn3@pbs.org,02-07-2025
833,Emlynn Triggle,etrigglen4@archive.org,15-03-2025
834,Shelley Alflat,salflatn5@mysql.com,28-12-2024
835,Edith Rakes,erakesn6@booking.com,08-05-2025
836,Gaspar Huddleston,ghuddlestonn7@wunderground.com,23-05-2025
837,Walther Dearden,wdeardenn8@va.gov,02-04-2025
838,Shena Gerrard,sgerrardn9@answers.com,01-09-2025
839,Care Children,cchildrenna@google.cn,15-10-2024
840,Shawn Waycot,swaycotnb@gnu.org,16-09-2024
841,Lynn Pitceathly,lpitceathlync@mit.edu,02-08-2025
842,Stella Dallicott,sdallicottnd@blogspot.com,11-03-2025
843,Irvine Fenney,ifenneyne@shinystat.com,22-09-2024
844,Stanfield Honnan,shonnannf@yahoo.co.jp,21-11-2024
845,Peria Collimore,pcollimoreng@nba.com,02-02-2025
846,Sonya Wimbury,swimburynh@jigsy.com,29-10-2024
847,Jocelyne Normabell,jnormabellni@comcast.net,04-09-2025
848,Abelard Birch,abirchnj@mayoclinic.com,10-08-2025
849,Car Tideswell,ctideswellnk@list-manage.com,14-02-2025
850,Sharity Harcus,sharcusnl@jugem.jp,02-09-2025
851,Madlin Dahle,mdahlenm@newyorker.com,10-12-2024
852,Nanine Moakler,nmoaklernn@weibo.com,13-12-2024
853,Jeno Yushkov,jyushkovno@yolasite.com,10-02-2025
854,Davon Spalls,dspallsnp@comsenz.com,03-05-2025
855,Georgette Cassam,gcassamnq@quantcast.com,14-04-2025
856,Nester Samuels,nsamuelsnr@hp.com,17-08-2025
857,Lesya Tibols,ltibolsns@google.de,11-04-2025
858,Darb Macieiczyk,dmacieiczyknt@webnode.com,17-03-2025
859,Hunt Bunting,hbuntingnu@amazon.com,04-03-2025
860,Bondy Hlavecek,bhlaveceknv@ameblo.jp,07-03-2025
861,Sollie Gyurko,sgyurkonw@addthis.com,27-06-2025
862,Bird Wilsee,bwilseenx@bbb.org,17-04-2025
863,Eilis Chittleburgh,echittleburghny@spiegel.de,03-12-2024
864,Britta Creer,bcreernz@elpais.com,01-07-2025
865,Sergeant Cochern,scocherno0@epa.gov,25-10-2024
866,Jocelyne Winslet,jwinsleto1@exblog.jp,21-12-2024
867,Leonelle Hembery,lhemberyo2@wordpress.org,14-06-2025
868,Clint Holhouse,cholhouseo3@desdev.cn,09-01-2025
869,Elihu Northfield,enorthfieldo4@howstuffworks.com,14-07-2025
870,Fannie Miranda,fmirandao5@prweb.com,13-03-2025
871,Geneva Chafer,gchafero6@ehow.com,07-06-2025
872,Valentine Gripton,vgriptono7@salon.com,13-04-2025
873,Sue Isabell,sisabello8@phpbb.com,04-02-2025
874,Melanie Furley,mfurleyo9@geocities.jp,04-10-2024
875,Kendricks Beau,kbeauoa@cpanel.net,26-12-2024
876,Rochell Seabon,rseabonob@wikipedia.org,14-10-2024
877,Tobiah Gronous,tgronousoc@mapquest.com,12-12-2024
878,York Peaddie,ypeaddieod@scribd.com,21-03-2025
879,Larisa Pole,lpoleoe@washingtonpost.com,24-04-2025
880,Worthy Southon,wsouthonof@paypal.com,07-07-2025
881,Kipp Liffe,kliffeog@imageshack.us,14-12-2024
882,Glenna Kintzel,gkintzeloh@wisc.edu,19-07-2025
883,Esther Duddell,eduddelloi@cisco.com,18-09-2024
884,Eadmund Simeons,esimeonsoj@parallels.com,21-05-2025
885,Tessa Eouzan,teouzanok@unicef.org,15-12-2024
886,Arnuad Wildt,awildtol@nytimes.com,27-07-2025
887,Austina Silburn,asilburnom@cam.ac.uk,22-03-2025
888,Ninon Giggs,ngiggson@earthlink.net,19-12-2024
889,Reynard Attwoull,rattwoulloo@barnesandnoble.com,11-03-2025
890,Abelard Carsberg,acarsbergop@wix.com,01-08-2025
891,Allie Pooke,apookeoq@privacy.gov.au,15-05-2025
892,Jacenta Mead,jmeador@a8.net,03-05-2025
893,Elyn Alelsandrowicz,ealelsandrowiczos@fda.gov,10-04-2025
894,Svend Yeomans,syeomansot@google.de,04-03-2025
895,Townsend Sustin,tsustinou@artisteer.com,19-07-2025
896,Beulah Deppen,bdeppenov@springer.com,04-05-2025
897,Glendon Exroll,gexrollow@constantcontact.com,16-07-2025
898,Ardisj Jiri,ajiriox@google.com.hk,01-08-2025
899,Hy Beard,hbeardoy@patch.com,15-06-2025
900,Kylen Gerrietz,kgerrietzoz@usa.gov,19-06-2025
901,Jacob Toop,jtoopp0@dion.ne.jp,31-05-2025
902,Monro Furlonge,mfurlongep1@about.me,03-04-2025
903,Mariquilla Plowes,mplowesp2@feedburner.com,24-12-2024
904,Coleman Houtbie,choutbiep3@cpanel.net,10-10-2024
905,Laural Hassan,lhassanp4@weebly.com,19-02-2025
906,Web Romaint,wromaintp5@sbwire.com,11-02-2025
907,Inez Uglow,iuglowp6@cpanel.net,15-07-2025
908,Tabby Cheshir,tcheshirp7@ow.ly,17-11-2024
909,Iseabal Tupling,ituplingp8@cdc.gov,30-12-2024
910,Inger Sellor,isellorp9@hostgator.com,05-02-2025
911,Randee Collishaw,rcollishawpa@sourceforge.net,09-07-2025
912,Aime Lesurf,alesurfpb@indiatimes.com,01-11-2024
913,Hewet Pentecost,hpentecostpc@trellian.com,29-06-2025
914,La verne Biesterfeld,lvernepd@wordpress.org,23-07-2025
915,Robin Armitage,rarmitagepe@google.com.hk,09-08-2025
916,Genia Estick,gestickpf@uol.com.br,29-03-2025
917,Abey Runacres,arunacrespg@wiley.com,20-11-2024
918,Antonia Mallia,amalliaph@blogspot.com,08-03-2025
919,Diahann Boutell,dboutellpi@state.gov,24-04-2025
920,Jamal Rayworth,jrayworthpj@pcworld.com,13-04-2025
921,Camel Bachshell,cbachshellpk@virginia.edu,23-08-2025
922,Paige Stebbin,pstebbinpl@live.com,15-06-2025
923,Ellary Figgins,efigginspm@amazon.co.uk,10-03-2025
924,Odelle Lilion,olilionpn@amazon.de,28-08-2025
925,Della Orfeur,dorfeurpo@stanford.edu,19-12-2024
926,Lynna MacLennan,lmaclennanpp@cloudflare.com,14-02-2025
927,Itch Jeens,ijeenspq@latimes.com,06-09-2025
928,Corie Simpkiss,csimpkisspr@msn.com,11-01-2025
929,Sonni Burmingham,sburminghamps@xinhuanet.com,19-05-2025
930,Marlena Abbot,mabbotpt@europa.eu,09-03-2025
931,Morie Kerry,mkerrypu@upenn.edu,14-04-2025
932,Elfreda Shelbourne,eshelbournepv@typepad.com,02-05-2025
933,Davie Priddie,dpriddiepw@ning.com,08-09-2025
934,Land Mateus,lmateuspx@macromedia.com,28-08-2025
935,Reginald Noot,rnootpy@kickstarter.com,29-07-2025
936,Doro Heggadon,dheggadonpz@utexas.edu,27-04-2025
937,Morey Balsillie,mbalsillieq0@alibaba.com,03-11-2024
938,Elston Aers,eaersq1@harvard.edu,14-01-2025
939,Joanie Scullin,jscullinq2@examiner.com,26-05-2025
940,Daryl Peaurt,dpeaurtq3@newyorker.com,03-12-2024
941,Dalenna Tunn,dtunnq4@github.io,23-07-2025
942,Yorker Tullot,ytullotq5@nydailynews.com,24-01-2025
943,Francoise Wollrauch,fwollrauchq6@yelp.com,17-06-2025
944,Helene Halliday,hhallidayq7@blogtalkradio.com,16-03-2025
945,Deeanne McQuilkin,dmcquilkinq8@issuu.com,09-01-2025
946,Marguerite Ivie,mivieq9@wikipedia.org,08-01-2025
947,Maribeth Bryden,mbrydenqa@tumblr.com,08-04-2025
948,Lynn Dunbleton,ldunbletonqb@cbsnews.com,30-12-2024
949,Obadias Orrock,oorrockqc@cam.ac.uk,23-08-2025
950,Ninnetta Britee,nbriteeqd@gmpg.org,22-07-2025
951,Issie Duro,iduroqe@shinystat.com,13-06-2025
952,Nolan Higgan,nhigganqf@yahoo.com,06-10-2024
953,Paige Tong,ptongqg@icq.com,22-07-2025
954,Rochell Kemmey,rkemmeyqh@joomla.org,10-06-2025
955,Frasquito Iggalden,figgaldenqi@comcast.net,27-03-2025
956,Shelby Jilliss,sjillissqj@shutterfly.com,09-10-2024
957,Lurleen Alelsandrowicz,lalelsandrowiczqk@hugedomains.com,19-09-2024
958,Sasha Well,swellql@storify.com,20-02-2025
959,Adi Doncaster,adoncasterqm@sogou.com,13-07-2025
960,Helga Mogra,hmograqn@themeforest.net,10-12-2024
961,Rory Welton,rweltonqo@elpais.com,10-04-2025
962,Claudina Sapseed,csapseedqp@wikimedia.org,28-08-2025
963,Jeanna Massei,jmasseiqq@fotki.com,07-11-2024
964,Niccolo Frearson,nfrearsonqr@altervista.org,14-05-2025
965,Amanda Schriren,aschrirenqs@wikispaces.com,12-09-2024
966,Holly Capaldo,hcapaldoqt@alexa.com,23-11-2024
967,Frayda La Wille,flaqu@umich.edu,10-02-2025
968,Orton Michael,omichaelqv@privacy.gov.au,09-06-2025
969,Gaspar Acutt,gacuttqw@usda.gov,06-02-2025
970,Pail Stelljes,pstelljesqx@nsw.gov.au,28-10-2024
971,Shelba Seville,ssevilleqy@twitpic.com,06-09-2025
972,Briana Mulcock,bmulcockqz@gov.uk,15-10-2024
973,Winfred Arthurs,warthursr0@columbia.edu,27-11-2024
974,Alix Gyles,agylesr1@usa.gov,28-05-2025
975,Colene Droghan,cdroghanr2@plala.or.jp,11-09-2024
976,Davine Ugolini,dugolinir3@apple.com,19-05-2025
977,Germaine McNea,gmcnear4@pinterest.com,22-11-2024
978,Tudor Marikhin,tmarikhinr5@reddit.com,05-08-2025
979,Enoch Santostefano.,esantostefanor6@hc360.com,08-03-2025
980,Lucienne Sargant,lsargantr7@hexun.com,02-10-2024
981,Jaimie Stannas,jstannasr8@wiley.com,08-06-2025
982,Emmalynne Kirton,ekirtonr9@google.de,19-04-2025
983,Linn Geffe,lgeffera@linkedin.com,09-03-2025
984,Tierney Lafoy,tlafoyrb@shutterfly.com,25-07-2025
985,Nelli Caldwall,ncaldwallrc@google.com.hk,07-10-2024
986,Eleanor Casaroli,ecasarolird@microsoft.com,01-02-2025
987,Damita Raselles,drasellesre@homestead.com,31-03-2025
988,Nata Bunn,nbunnrf@github.com,16-10-2024
989,Frederico Able,fablerg@imgur.com,14-11-2024
990,Sydel Brounsell,sbrounsellrh@google.pl,05-11-2024
991,Hewett Mingard,hmingardri@technorati.com,05-11-2024
992,Nanette Emson,nemsonrj@businessweek.com,26-08-2025
993,Nariko McKeran,nmckeranrk@meetup.com,20-05-2025
994,Calypso Ellett,cellettrl@psu.edu,14-07-2025
995,Verina Haestier,vhaestierrm@squidoo.com,21-01-2025
996,Fredia McClurg,fmcclurgrn@squidoo.com,18-12-2024
997,Stepha Bellee,sbelleero@abc.net.au,13-05-2025
998,Matt Mullen,mmullenrp@google.es,18-02-2025
999,Rikki Langelay,rlangelayrq@si.edu,09-03-2025
1000,Vivyanne Commin,vcomminrr@1688.com,18-06-2025
